{
  "type": "minecraft:crafting_shapeless",
  "group": "wool",
  "ingredients": [
    {
      "tag": "minecraft:wool"
    },
    {
      "tag": "minecraft:wool"
    },
    {
      "tag": "minecraft:wool"
    },
    {
      "tag": "minecraft:wool"
    },
    {
      "item": "minecraft:light_gray_dye"
    },
    {
      "tag": "minecraft:wool"
    },
    {
      "tag": "minecraft:wool"
    },
    {
      "tag": "minecraft:wool"
    },
    {
      "tag": "minecraft:wool"
    }
  ],
  "result": {
    "item": "minecraft:light_gray_wool",
    "count": 8
  }
}