{
  "type": "minecraft:crafting_shapeless",
  "group": "stained_terracotta",
  "ingredients": [
    {
      "tag": "foxcraft:terracotta"
    },
    {
      "tag": "foxcraft:terracotta"
    },
    {
      "tag": "foxcraft:terracotta"
    },
    {
      "tag": "foxcraft:terracotta"
    },
    {
      "item": "minecraft:gray_dye"
    },
    {
      "tag": "foxcraft:terracotta"
    },
    {
      "tag": "foxcraft:terracotta"
    },
    {
      "tag": "foxcraft:terracotta"
    },
    {
      "tag": "foxcraft:terracotta"
    }
  ],
  "result": {
    "item": "minecraft:gray_terracotta",
    "count": 8
  }
}