{
  "type": "minecraft:crafting_shapeless",
  "group": "stained_glass_pane",
  "ingredients": [
    {
      "tag": "foxcraft:glass_panes"
    },
    {
      "tag": "foxcraft:glass_panes"
    },
    {
      "tag": "foxcraft:glass_panes"
    },
    {
      "tag": "foxcraft:glass_panes"
    },
    {
      "item": "minecraft:purple_dye"
    },
    {
      "tag": "foxcraft:glass_panes"
    },
    {
      "tag": "foxcraft:glass_panes"
    },
    {
      "tag": "foxcraft:glass_panes"
    },
    {
      "tag": "foxcraft:glass_panes"
    }
  ],
  "result": {
    "item": "minecraft:purple_stained_glass_pane",
    "count": 8
  }
}