{
  "type": "minecraft:crafting_shapeless",
  "group": "stained_glass",
  "ingredients": [
    {
      "tag": "foxcraft:glass"
    },
    {
      "tag": "foxcraft:glass"
    },
    {
      "tag": "foxcraft:glass"
    },
    {
      "tag": "foxcraft:glass"
    },
    {
      "item": "minecraft:white_dye"
    },
    {
      "tag": "foxcraft:glass"
    },
    {
      "tag": "foxcraft:glass"
    },
    {
      "tag": "foxcraft:glass"
    },
    {
      "tag": "foxcraft:glass"
    }
  ],
  "result": {
    "item": "minecraft:white_stained_glass",
    "count": 8
  }
}